model,roc_auc,pr_auc,precision,recall,f1,confusion_matrix
Logistic Regression,0.9041495834035657,0.0938964052023858,0.011744386873920553,0.7861271676300579,0.023143027312175615,"[[88383, 11444], [37, 136]]"
Random Forest,0.9415581441442828,0.36152430328353746,0.20292504570383912,0.6416184971098265,0.30833333333333335,"[[99391, 436], [62, 111]]"
XGBoost,0.9403584675477015,0.3717537910204681,0.10623946037099494,0.7283236994219653,0.18543046357615894,"[[98767, 1060], [47, 126]]"
